{"version":1,"hash":{"type":"Buffer","data":"2WtxbHfv31gIxutXXH8gXMILLx0JGFhS+36yGss/oFPuWNCvo0HIAY5FXwaAToXXeULiqNTuYEsZukKdd1CzsIG5TW5YFFxdyB0OI4wLOaH0P+HqFA/l+sWvoTp0lcUhxoDbYuzJ4tbE3+BPO3TE7Ci7l4h/cPO6u8G5RjLskYE="},"indexValueMap":{"y9CBT2BvL5IJGolFQk5DgQRDY0UYCrYx8HIArHRUJjA=":{"valueMac":{"type":"Buffer","data":"TS2ftKK8Cz3Puz7I7nBV6O9anP9+xfae27AKTQuE3CQ="}},"Tzkp8ap6uLxOzIb6Rvz+vXAzZhV/D1zbphU4M0CC0pw=":{"valueMac":{"type":"Buffer","data":"Fefk0iYFizhHhiBzmKMy3LrCphKBCndZ+bEdUkQdGqw="}},"FIXnWvKjF703CkBLszGLQ8UE+1Awr47lD4zFyNFQ+68=":{"valueMac":{"type":"Buffer","data":"r+VtT8uaGTu7YjzwwKj+A4QjYl17F+CMSDkpibaUHEs="}},"RDlO+wkiT5egqHPwTgjxhAdCRwWdzIraWcp357mtgtU=":{"valueMac":{"type":"Buffer","data":"OWrzAiaEEre8Nprm8h9qNCvJA3528IlFaSOuIy6jxI8="}},"oyh+zi5YpiL6fRk7QXoOQpz+wzL4Ppqy2NrCVhwawuU=":{"valueMac":{"type":"Buffer","data":"SCFX0XBgGs35P0llhzcfVi+2LGmkB+EKR8DOedUlI5w="}},"p8KkIfxOdAfcXvv0ZROU+LaoRSM8ZCYTSTXvM6OTS2c=":{"valueMac":{"type":"Buffer","data":"SSpa+jv7hJiAwYXDGTnZkpRZYmJGc0rt5NuCyfVhn1Y="}}}}