{"noiseKey":{"private":{"type":"Buffer","data":"4MzXjsDfOchbddYe2a7UsCDTUGeq9JNDOL5Ppj1j3nk="},"public":{"type":"Buffer","data":"8oz3owGMjmaKE172k0Vgo9w/5NyfVb1EUKSaeMA4M1o="}},"pairingEphemeralKeyPair":{"private":{"type":"Buffer","data":"QH9gkgVM+NxH1NxyO59UoyO2oThC9FxKnMW2Pzyj31o="},"public":{"type":"Buffer","data":"3GXEZ3txHd7d1Xv8CpWOPbsf3EYvh+yHv4YNrO9c3QA="}},"signedIdentityKey":{"private":{"type":"Buffer","data":"UP9+De3PrhLFTCMFDWkO8gD5btz1XFnqAszsk+TO/2w="},"public":{"type":"Buffer","data":"T2YYYZKTPzY3wKlBtODbpRafb1rL5RBsTREQyDf8wyI="}},"signedPreKey":{"keyPair":{"private":{"type":"Buffer","data":"iI4mEH9drigHWkSa9BG0YNX9D37png6NTXq2Pse1akg="},"public":{"type":"Buffer","data":"jt6RuuZkE45XE/zMTXe1gEwliAXzaBfLlO3SHic/zC0="}},"signature":{"type":"Buffer","data":"Lal3palKLnN7dbEsghMPqt870XirgtdLMDh1QLtIA1B22JDNwK037hscniCtsGd25IZUzq7mbUlEvi0WNHL1gA=="},"keyId":1},"registrationId":214,"advSecretKey":"Lgo8FvIQ6Sxl3pJlYdHOhCidlhUiizu29Uco7VV0UNQ=","processedHistoryMessages":[{"key":{"remoteJid":"6282234239248@s.whatsapp.net","fromMe":true,"id":"CC4822528EB8D212ED05B037EA3CE61F"},"messageTimestamp":1747657343},{"key":{"remoteJid":"6282234239248@s.whatsapp.net","fromMe":true,"id":"DF3EDA87DB2784E7DF07E36B8401B4BB"},"messageTimestamp":1747657343},{"key":{"remoteJid":"6282234239248@s.whatsapp.net","fromMe":true,"id":"1E740D14A5EE3744E87C551D8E5DA61F"},"messageTimestamp":1747657350},{"key":{"remoteJid":"6282234239248@s.whatsapp.net","fromMe":true,"id":"6E2A6BF89D25C51C84B5E863F2CCDF53"},"messageTimestamp":1747657355},{"key":{"remoteJid":"6282234239248@s.whatsapp.net","fromMe":true,"id":"29C35689C50AC21689CC947F4912E987"},"messageTimestamp":1747657356}],"nextPreKeyId":31,"firstUnuploadedPreKeyId":31,"accountSyncCounter":1,"accountSettings":{"unarchiveChats":false},"deviceId":"Q3IWAi7XRGe1N1x5fFiQGA","phoneId":"e2cb3364-e74d-4525-a9b4-444f3f200d8a","identityId":{"type":"Buffer","data":"eBf0tDnsTRurBNz3G4LxjL1M2Gc="},"registered":true,"backupToken":{"type":"Buffer","data":"hvhZvFeK/PHB3o+V5ad/ogArgNY="},"registration":{},"pairingCode":"MYSKLAP3","me":{"id":"6282234239248:16@s.whatsapp.net","lid":"69282721452224:16@lid","name":"Zack"},"account":{"details":"CLaRo/8HEPnErMEGGAEgACgA","accountSignatureKey":"qvVYn/20+3wb4PsuGbQYXyg63LrA7fDahQL9hL+gsnM=","accountSignature":"Q2kGHk/ulp0HN+lEBpdITzSgG9ZMpDXMbdNb0EzmfdDbBVDV8Vdn3X81f/dpeO3HkkkiCUVqfPDu2HyeCivLAw==","deviceSignature":"Qi5NJV2dexyCNbm71FqdRGC01zq0Fu+hLHg/BjT2kMLGII9uGz0X94xgj7TobZUGynh8h5/L8m8Cy4gP3ifSgg=="},"signalIdentities":[{"identifier":{"name":"6282234239248:16@s.whatsapp.net","deviceId":0},"identifierKey":{"type":"Buffer","data":"Bar1WJ/9tPt8G+D7Lhm0GF8oOty6wO3w2oUC/YS/oLJz"}}],"platform":"android","routingInfo":{"type":"Buffer","data":"CBIIBQ=="},"lastAccountSyncTimestamp":1747661547,"myAppStateKeyId":"AAAAAAwa"}