[{"senderKeyId":296038807,"senderChainKey":{"iteration":4,"seed":"e/cYBsH6XXnz0i75BaWHQtig1yKl3NlZ2rnh/HU3dgI="},"senderSigningKey":{"public":"BbAiunUMAukHXX7mM2LJy92M25A5doUfpMlAyn6+8ihn"},"senderMessageKeys":[]},{"senderKeyId":296038807,"senderChainKey":{"iteration":2,"seed":"Qkc4hj4SMN/Ow94PaO94cVMyR0sTtLRzBwKuT/Z6ChQ="},"senderSigningKey":{"public":"BbAiunUMAukHXX7mM2LJy92M25A5doUfpMlAyn6+8ihn"},"senderMessageKeys":[]},{"senderKeyId":296038807,"senderChainKey":{"iteration":2,"seed":"Qkc4hj4SMN/Ow94PaO94cVMyR0sTtLRzBwKuT/Z6ChQ="},"senderSigningKey":{"public":"BbAiunUMAukHXX7mM2LJy92M25A5doUfpMlAyn6+8ihn"},"senderMessageKeys":[]}]