{"_sessions":{"BfKTb6z3aWDu6TbIc/A5z6+YBOgL+WJkMTv5IMVzeSwS":{"registrationId":791283956,"currentRatchet":{"ephemeralKeyPair":{"pubKey":"BXtI2ulIQFOsOPi58Cp9JQTmPTJmHIbEDtJ8U/8eC5tt","privKey":"EAjt0RaND8weKNtSOvesTUbsl0t4mFK7H9i+lS/6xmk="},"lastRemoteEphemeralKey":"BdkGIFmCNDODR9/dkWHElht8edZHxICSRz02ldz5gLIt","previousCounter":0,"rootKey":"lyx/AoFPr3an4fZMlVZH4+ui5qQZWwhpkKidaXT4lXE="},"indexInfo":{"baseKey":"BfKTb6z3aWDu6TbIc/A5z6+YBOgL+WJkMTv5IMVzeSwS","baseKeyType":1,"closed":-1,"used":1747661645055,"created":1747661645055,"remoteIdentityKey":"BdvjSdCl8OK0YspDdahyOoKr7Ack5Xl9Q/HsuEoj2p8V"},"_chains":{"BXtI2ulIQFOsOPi58Cp9JQTmPTJmHIbEDtJ8U/8eC5tt":{"chainKey":{"counter":0,"key":"9fZX75Jr14zvwTv0V2DzeXtlwJpmuWyU4TTvhbjywpQ="},"chainType":1,"messageKeys":{}}},"pendingPreKey":{"signedKeyId":16,"baseKey":"BfKTb6z3aWDu6TbIc/A5z6+YBOgL+WJkMTv5IMVzeSwS","preKeyId":7288058}}},"version":"v1"}