{"_sessions":{"BUllZrMoOiAQ4CScoy9xnk9ik/tQKeDdxKA6PL8rQF0p":{"registrationId":1202304015,"currentRatchet":{"ephemeralKeyPair":{"pubKey":"BSW3aBxg865sn5Q944jEUsOCqT5Q+sPQEUAwzOuh8GgK","privKey":"8Cdxy/ausXS/gzg7HwwJqCZU+hX/Om7a8Vw2gIlUJ1g="},"lastRemoteEphemeralKey":"BVvIDUQJ8+XzqOERIAe51nZmv8b5HNVsai6ueHnUIIIZ","previousCounter":0,"rootKey":"lnjxY8f+O7xz/4HAVwziLHroytDOUOmlr76qRTG4whY="},"indexInfo":{"baseKey":"BUllZrMoOiAQ4CScoy9xnk9ik/tQKeDdxKA6PL8rQF0p","baseKeyType":2,"closed":-1,"used":1747661654216,"created":1747657352069,"remoteIdentityKey":"BcBBvI1n1QRNCiQnEvXu22iQ7Au1c5KS32FNQL+Xe9hQ"},"_chains":{"BR4q5yOsUQFe3uxrKxxlLrzsRZH79yHmceAYTJn627sN":{"chainKey":{"counter":0},"chainType":2,"messageKeys":{}},"BYVWgmS9zqmRwJLILIEOoHMr5o7rB5PdkvUod/bjnP5d":{"chainKey":{"counter":0},"chainType":2,"messageKeys":{}},"BXv3UZrBpl2U5BqjAC3RxYxq6/ShgP4hFPbll6FcnQtd":{"chainKey":{"counter":0},"chainType":2,"messageKeys":{}},"Bf74RLenrtlNa+/bkdy4k93XLWWxKGlHS7q5zNPp844g":{"chainKey":{"counter":1},"chainType":2,"messageKeys":{}},"BbMQg7STVTkvkuOc8xDNQEnkEQ7jiKk+EO+r0V44SUA9":{"chainKey":{"counter":0},"chainType":2,"messageKeys":{}},"Ba+3YNS98kcxMy2Prb/j0RaHH/gaHjvFdRZNCvYX7aRJ":{"chainKey":{"counter":0},"chainType":2,"messageKeys":{}},"BaUbTr24dPc8+3UKGFQ20JMY5nL7EyqYPV1v5M97rUdE":{"chainKey":{"counter":0},"chainType":2,"messageKeys":{}},"BcyqOjixixqGkM99lVdFgVJfHQWSSssoimubacAPk4l7":{"chainKey":{"counter":4},"chainType":2,"messageKeys":{}},"BSarKtYkdg7jdJmVvxrG7KvJL57xXr7Q5Wb8+FfhuBw3":{"chainKey":{"counter":0},"chainType":2,"messageKeys":{}},"BTPCg0oeuZMw5S/6pTzXOMj1yKERukYzVzwozuCH9YF8":{"chainKey":{"counter":1},"chainType":2,"messageKeys":{}},"BZ9nZmkyvYjQ0rVrKevPvU7JW4m1W3iCWac8aItJ1b0e":{"chainKey":{"counter":0},"chainType":2,"messageKeys":{}},"BVvIDUQJ8+XzqOERIAe51nZmv8b5HNVsai6ueHnUIIIZ":{"chainKey":{"counter":0,"key":"cSJcbT1j7kXHnJa40rkWdW5TZnKX3XBbXms5AemTFys="},"chainType":2,"messageKeys":{}},"BSW3aBxg865sn5Q944jEUsOCqT5Q+sPQEUAwzOuh8GgK":{"chainKey":{"counter":-1,"key":"+2oVJ7Wk8TE5AeQVcdq6F9ddfhjty5CkuIQPGBzuk1c="},"chainType":1,"messageKeys":{}}}}},"version":"v1"}