{"_sessions":{"BRryaMkgwW0X7qpMMHkLxU25WnL4TaHkJICF55PjwNp4":{"registrationId":1406303450,"currentRatchet":{"ephemeralKeyPair":{"pubKey":"BbDmd1C27QSiBMzB4w4cUCiIs75Eu5/Bm2V/3CUlsgUm","privKey":"2A5igdrtFBqQblkFKKcrUWJKkp7p0s0pUSc8H0OmK1w="},"lastRemoteEphemeralKey":"BUgGrnVBakg0246YEWzXaDTDkM6/kYshYay2DrtTaoRV","previousCounter":0,"rootKey":"zROmzdjqQ8AgFTRdjUHx00dNoekapoEsvqjb3vNHTG0="},"indexInfo":{"baseKey":"BRryaMkgwW0X7qpMMHkLxU25WnL4TaHkJICF55PjwNp4","baseKeyType":1,"closed":-1,"used":1747661645058,"created":1747661645058,"remoteIdentityKey":"Bf5xVVFC+wacpxDBjRlcEHKo7/SX30ZIN6iFW76vG1FY"},"_chains":{"BbDmd1C27QSiBMzB4w4cUCiIs75Eu5/Bm2V/3CUlsgUm":{"chainKey":{"counter":0,"key":"9g2RXl+LNH3p+h1RhD3Gb3dwZhuti36qluULVCsheYQ="},"chainType":1,"messageKeys":{}}},"pendingPreKey":{"signedKeyId":0,"baseKey":"BRryaMkgwW0X7qpMMHkLxU25WnL4TaHkJICF55PjwNp4","preKeyId":1170234}}},"version":"v1"}