{"_sessions":{"BUenWAswtS9mYgXGrtc4SC15BdDHzZIxOT1FnwsHC810":{"registrationId":981886467,"currentRatchet":{"ephemeralKeyPair":{"pubKey":"BUfQycu3o7ZIW6msFkU1/FYDbCwSr//B5qUQSoUhD8Fy","privKey":"mGcvT++COz4LlB10EJgEUVv/Rb5ypfhXJQCvC0o/EHw="},"lastRemoteEphemeralKey":"BYRQLmVkLgR2sLliwPwE4zidLIx7OuRYgzLNWBBj8nRJ","previousCounter":0,"rootKey":"ScTAsnX/58Y2HEI9G8TFw4Uk9saSv9OqDn0+UJq9Fc8="},"indexInfo":{"baseKey":"BUenWAswtS9mYgXGrtc4SC15BdDHzZIxOT1FnwsHC810","baseKeyType":1,"closed":-1,"used":1747661645072,"created":1747661645072,"remoteIdentityKey":"BT+ESmU6lW3nDvFmu/ffBbcvyhKeKe+K4rjHWLkp7/ZK"},"_chains":{"BUfQycu3o7ZIW6msFkU1/FYDbCwSr//B5qUQSoUhD8Fy":{"chainKey":{"counter":0,"key":"F+n9MRdwDJ/JrH0AIw48NnhXFySdbFURZRgSNusg4c8="},"chainType":1,"messageKeys":{}}},"pendingPreKey":{"signedKeyId":27,"baseKey":"BUenWAswtS9mYgXGrtc4SC15BdDHzZIxOT1FnwsHC810","preKeyId":16714867}}},"version":"v1"}