{"_sessions":{"BRj8dLY1LclE8VM96dsGfJ7aLTc/R+bAJHekDpZDFT4X":{"registrationId":10018,"currentRatchet":{"ephemeralKeyPair":{"pubKey":"Bbf0fzY8PpesA1XSQ1/n+wmH9OZ1VEQhQ/ocMxOBsIRI","privKey":"KLIcVd54ux2ZaJFUPny39JZatbtcg/IV5XnP2vLSXHs="},"lastRemoteEphemeralKey":"BTu4AtzYZbcNNBwwTDI7l3nSl0QLm7z7AIg+pi0yUpFg","previousCounter":0,"rootKey":"ScQkcYHvOWrE/x4gNl2QW4vnxmHIkyqjifEBV6+QCrE="},"indexInfo":{"baseKey":"BRj8dLY1LclE8VM96dsGfJ7aLTc/R+bAJHekDpZDFT4X","baseKeyType":1,"closed":-1,"used":1747661645034,"created":1747661645034,"remoteIdentityKey":"BdI33jzY7SKs0e4faLdX06ESNElZNsl+B8Qg34r4mWEi"},"_chains":{"Bbf0fzY8PpesA1XSQ1/n+wmH9OZ1VEQhQ/ocMxOBsIRI":{"chainKey":{"counter":0,"key":"r2TFsTWSVn2DGLFAh3CXgqAfaHRcDnlOpeJdwThTNog="},"chainType":1,"messageKeys":{}}},"pendingPreKey":{"signedKeyId":1,"baseKey":"BRj8dLY1LclE8VM96dsGfJ7aLTc/R+bAJHekDpZDFT4X"}}},"version":"v1"}