{"_sessions":{"BVkwcLdMXKE6tcE8qObWyXexbC1FQy56ZjVA0NfdyvQ1":{"registrationId":683409666,"currentRatchet":{"ephemeralKeyPair":{"pubKey":"BX3Qom05r6pCI0pi1Xjym9kedc6HtLx/uu2TNmu+cWIf","privKey":"EM4QUJyF/89vUy8/UrzNJy7Sb1PFJsahafqxp2h7YnM="},"lastRemoteEphemeralKey":"Bc31gEDe5hbZueLcNZKZr84uyK/3fOlOC1hzpNud/hIB","previousCounter":0,"rootKey":"3IwzJ1x5e4EUkZ6WpPWI3ZuVvGzCkdVkxudSBV9RY1w="},"indexInfo":{"baseKey":"BVkwcLdMXKE6tcE8qObWyXexbC1FQy56ZjVA0NfdyvQ1","baseKeyType":1,"closed":-1,"used":1747661645040,"created":1747661645040,"remoteIdentityKey":"BR8p3Nlh95TPiY2tb6w2Uddv6EaJOeCFc2xyQixryRpJ"},"_chains":{"BX3Qom05r6pCI0pi1Xjym9kedc6HtLx/uu2TNmu+cWIf":{"chainKey":{"counter":0,"key":"RcYieVEugvrFj4KITyZbyoJ337+bCcZ+EMqGWOs3oAs="},"chainType":1,"messageKeys":{}}},"pendingPreKey":{"signedKeyId":2,"baseKey":"BVkwcLdMXKE6tcE8qObWyXexbC1FQy56ZjVA0NfdyvQ1"}}},"version":"v1"}