{"_sessions":{"BfNcLO35oLjLO1AuPul9f0lg4G1A5smGju0JZF/UmM03":{"registrationId":1066585029,"currentRatchet":{"ephemeralKeyPair":{"pubKey":"BWhfTfrhe3sefoVQwdJ10yqCiPbIZlbsRgmKIFK+14NN","privKey":"gDR03W8NQnXepVkrpemZk+Kzk+rttxUh475n4bxsjlw="},"lastRemoteEphemeralKey":"BdNyeENfeAxYOn3BJviXtKN/KFPfnypDJ9N0CbHPQwdi","previousCounter":0,"rootKey":"QGMqEzrDhKkO0CPkM2uPfF8Pdb2MaqTpUAmZBxd4sjY="},"indexInfo":{"baseKey":"BfNcLO35oLjLO1AuPul9f0lg4G1A5smGju0JZF/UmM03","baseKeyType":1,"closed":-1,"used":1747661645046,"created":1747661645046,"remoteIdentityKey":"BUBojdCHTHnLT8ZI3BU2K322b8JU5OKy47V/1mcWJhVG"},"_chains":{"BWhfTfrhe3sefoVQwdJ10yqCiPbIZlbsRgmKIFK+14NN":{"chainKey":{"counter":0,"key":"IYkOzgKtIhoe0B0wXcQ6KdUc4WpAw1mkMKpss3+Vm1M="},"chainType":1,"messageKeys":{}}},"pendingPreKey":{"signedKeyId":0,"baseKey":"BfNcLO35oLjLO1AuPul9f0lg4G1A5smGju0JZF/UmM03","preKeyId":7274640}}},"version":"v1"}