{"_sessions":{"BRbhFsGFElCQRwpmhbZ28xzExkTu9a20HhdneND75ncB":{"registrationId":778383914,"currentRatchet":{"ephemeralKeyPair":{"pubKey":"BS5v6d7JonJ6tdWg2GpzhjzM3OJ8u/icO06pMW/azMkV","privKey":"oGILoMyKIVl4+vp0WiG3cuf5KNE7CzfOHqD8i/6KX3Y="},"lastRemoteEphemeralKey":"Bbg404U+7oyNRxM7jIVg+9Oj7AHtXFFT9a2sR3PJNO8u","previousCounter":0,"rootKey":"HErfU3xeFWSaLDPCBpnO23Wy2ulh5962HYgzJVzXOBk="},"indexInfo":{"baseKey":"BRbhFsGFElCQRwpmhbZ28xzExkTu9a20HhdneND75ncB","baseKeyType":2,"closed":-1,"used":1747661658548,"created":1747661548774,"remoteIdentityKey":"Bbje6ZPu89oBYS/5fYxj3nvmxFrR+F/WJCYFC75FSA1Y"},"_chains":{"BX2G2qTaYl69JCovzLRTgfsbX2s+KOCgzHfGpyWw/skl":{"chainKey":{"counter":3},"chainType":2,"messageKeys":{}},"Bbg404U+7oyNRxM7jIVg+9Oj7AHtXFFT9a2sR3PJNO8u":{"chainKey":{"counter":0,"key":"ayBxfO/8nB5qGx4qz3R3HXXYuT5Oz+NGi7+CgxZDKKc="},"chainType":2,"messageKeys":{}},"BS5v6d7JonJ6tdWg2GpzhjzM3OJ8u/icO06pMW/azMkV":{"chainKey":{"counter":-1,"key":"xw9k/5WPAIaYCmYlV4GMK1pyzbsHfZmNJiewIgw5yVo="},"chainType":1,"messageKeys":{}}}}},"version":"v1"}