{"_sessions":{"BSP+hBROZ/6gZLUyX9xGfppc8sUbGJEACvoU0C7DvpcM":{"registrationId":283170002,"currentRatchet":{"ephemeralKeyPair":{"pubKey":"BdWvDVgT2fJF7TzcRlFkyCM+dsfBzDBexyh6rcOTqBJl","privKey":"0G/jzJfo8TsXOVV/FcBmOgIHuGRKVLj3Zxe6pfdc9FI="},"lastRemoteEphemeralKey":"BQueLUheJtPm+XuFT+MNIXD4wF+qGrjc8g71jsYR6J0r","previousCounter":0,"rootKey":"CDB6w0xP2Tt5LXHLolTdsz24EhaEJUZplRogrPnkEz8="},"indexInfo":{"baseKey":"BSP+hBROZ/6gZLUyX9xGfppc8sUbGJEACvoU0C7DvpcM","baseKeyType":2,"closed":-1,"used":1747661548607,"created":1747661548607,"remoteIdentityKey":"BenaBaIRdHEJ8AUAnwkwnkS4Y/xj1Yo1mhp/p8vposo5"},"_chains":{"BQueLUheJtPm+XuFT+MNIXD4wF+qGrjc8g71jsYR6J0r":{"chainKey":{"counter":0,"key":"T001tefozCzsjZr1BegKL1hnWI4l8LzzHMHqUyTK7FA="},"chainType":2,"messageKeys":{}},"BdWvDVgT2fJF7TzcRlFkyCM+dsfBzDBexyh6rcOTqBJl":{"chainKey":{"counter":0,"key":"SRq6HHGFotZD7g7JLlssI2upubUOcEISQ0a0te4Pr3Q="},"chainType":1,"messageKeys":{}}}}},"version":"v1"}