{"_sessions":{"BQwIajvRtTGyJh/97bnnLR1PsZUajGwnLFVHOQM4GPQk":{"registrationId":14317,"currentRatchet":{"ephemeralKeyPair":{"pubKey":"Ba2AI+AJeAaJtfcpvqmaXXXrtPugL47J9HSqfKdpmucG","privKey":"QD9rSPhwbNPGH6gH81yNE72QSHbRF9v89DLXwKhIQl8="},"lastRemoteEphemeralKey":"BSP+5WaOjp333SemIVuvGKDq42P8A61aOIXalVAMFn9l","previousCounter":0,"rootKey":"bpn0N2xSR5RygkyBJ4zU6X0qBNCl2/I2+4o1Nrb0H48="},"indexInfo":{"baseKey":"BQwIajvRtTGyJh/97bnnLR1PsZUajGwnLFVHOQM4GPQk","baseKeyType":1,"closed":-1,"used":1747661645039,"created":1747661645039,"remoteIdentityKey":"BTnvAbzpvEkBi6DHpSTq7YILHBTdtRmMSxr+uUpqIQpl"},"_chains":{"Ba2AI+AJeAaJtfcpvqmaXXXrtPugL47J9HSqfKdpmucG":{"chainKey":{"counter":0,"key":"1Sdl0Ecwl7DJcETY3czxJhxEuHRhNURqF4DJVsC0098="},"chainType":1,"messageKeys":{}}},"pendingPreKey":{"signedKeyId":1,"baseKey":"BQwIajvRtTGyJh/97bnnLR1PsZUajGwnLFVHOQM4GPQk"}}},"version":"v1"}