{"_sessions":{"BQB+0AhtIvV/CalA8PmyJGi33gxQek+QOqIs+2g2Uadw":{"registrationId":1105377265,"currentRatchet":{"ephemeralKeyPair":{"pubKey":"BZdhGa7865Z7hPx0bi/+DfXLiuOwu6uGLx/Bp3iJBpIG","privKey":"yEF8ZcAw31lBYDDVsAoZlHJCHqlJ6MooiF61ooSSwWM="},"lastRemoteEphemeralKey":"BSpvtaQBS3fobbLPJXffu3EMwpu4K60ImniZasexKocR","previousCounter":0,"rootKey":"JQrejUSGRUKcGZrkV76aEwBR2PQBp0NPgwIzBcA1Ilo="},"indexInfo":{"baseKey":"BQB+0AhtIvV/CalA8PmyJGi33gxQek+QOqIs+2g2Uadw","baseKeyType":1,"closed":-1,"used":1747661645043,"created":1747661645043,"remoteIdentityKey":"BXdZ4CnIktM5Cvok7PpUeAtsNbkt/ZlfeUGDMHLzfMp1"},"_chains":{"BZdhGa7865Z7hPx0bi/+DfXLiuOwu6uGLx/Bp3iJBpIG":{"chainKey":{"counter":0,"key":"cmBwJDy/r+HdtbabjhILm8ILd7otwQ3zXh5RR97UsD8="},"chainType":1,"messageKeys":{}}},"pendingPreKey":{"signedKeyId":0,"baseKey":"BQB+0AhtIvV/CalA8PmyJGi33gxQek+QOqIs+2g2Uadw"}}},"version":"v1"}