{"_sessions":{"BS3ypXoNnmz+HHMthU4UvZn4hv7Jhrz8bTxYXRS7eFc+":{"registrationId":975060398,"currentRatchet":{"ephemeralKeyPair":{"pubKey":"BX6T2lT35WfzVc2TaO1D49JUAv0Y0UH/BPbTH+ODAR5D","privKey":"cMWqsPNlM3aUZexU3g6cEQ9f5E98a3JI74Hz3mPAcEs="},"lastRemoteEphemeralKey":"Bdqhk7sd1MrML/K3FNeON+v2YIRPLBPTCLVUJgulSsNm","previousCounter":0,"rootKey":"DlQ03rWzpSKFYo/E7fhg3GdKd1OH+3vB2XQX5SpJd+s="},"indexInfo":{"baseKey":"BS3ypXoNnmz+HHMthU4UvZn4hv7Jhrz8bTxYXRS7eFc+","baseKeyType":1,"closed":-1,"used":1747661645044,"created":1747661645044,"remoteIdentityKey":"BQOxq4ieKbjri8A/LIc6YVGYqvIctWUTmqygVJCo38kd"},"_chains":{"BX6T2lT35WfzVc2TaO1D49JUAv0Y0UH/BPbTH+ODAR5D":{"chainKey":{"counter":0,"key":"yUI7leLYOa5vwEiBJOeI034zYOOENaYKsI6deOzv7Fc="},"chainType":1,"messageKeys":{}}},"pendingPreKey":{"signedKeyId":1,"baseKey":"BS3ypXoNnmz+HHMthU4UvZn4hv7Jhrz8bTxYXRS7eFc+","preKeyId":4904989}}},"version":"v1"}