{"_sessions":{"Be65+5IzNpN53cGNpJYoxC9o6u0tlHWlpfLGRYE5evhi":{"registrationId":153125870,"currentRatchet":{"ephemeralKeyPair":{"pubKey":"Bao239/MU8noidXgIbpyjBGMv2qC/+oUkQd6jPwVlrU+","privKey":"KFzsq0tbvQLhWVqJ0H64iN6ubEk3gP6oG9v+HazCCHk="},"lastRemoteEphemeralKey":"BWT0bxThysyx6lUJS2miuoCv2kPGrRw+UtC1Vj1UtWxI","previousCounter":0,"rootKey":"v7H1kMmKqVt/mhGpTnbKB2+pvyGacpL8//rqZ0H4UTs="},"indexInfo":{"baseKey":"Be65+5IzNpN53cGNpJYoxC9o6u0tlHWlpfLGRYE5evhi","baseKeyType":2,"closed":-1,"used":1747661548642,"created":1747661548642,"remoteIdentityKey":"BZk3eE5tcBm+uL40T9yb9zx+B8GM2N79sC5aRj/+vQkK"},"_chains":{"BWT0bxThysyx6lUJS2miuoCv2kPGrRw+UtC1Vj1UtWxI":{"chainKey":{"counter":0,"key":"DuzqzrFeLUptPTRQedsBQemH4SJhyMXdrYlgXK9ih/w="},"chainType":2,"messageKeys":{}},"Bao239/MU8noidXgIbpyjBGMv2qC/+oUkQd6jPwVlrU+":{"chainKey":{"counter":0,"key":"mLstnihgvtrCvZxk1//5fOAnSXhOEGE1TmA4GTn9CaI="},"chainType":1,"messageKeys":{}}}}},"version":"v1"}