{"_sessions":{"BWr9byEz85KKs6QGKtwZbjZ/D4g8OrPRWNGvGYDRB+pm":{"registrationId":1332976632,"currentRatchet":{"ephemeralKeyPair":{"pubKey":"BXtfoP4SSW26cBhr9uOgE6iZ83bXsLZpeQo32BsjIBNR","privKey":"6LvH3aZ/JRS3VzaVOscGSyOIDh+k384pB2tRIhTReEI="},"lastRemoteEphemeralKey":"BZCkk8Rlny331BZ2XhEMmdezSU4r/BKdmCZlNqChvbwl","previousCounter":0,"rootKey":"Zg/jczHsqSzq02Y9LyafTKlCCnp6CTrWsnqp8azgoEE="},"indexInfo":{"baseKey":"BWr9byEz85KKs6QGKtwZbjZ/D4g8OrPRWNGvGYDRB+pm","baseKeyType":1,"closed":-1,"used":1747661645067,"created":1747661645067,"remoteIdentityKey":"BWezH8EPIinhXH5KFfOIlHOzoTJwVCvl/fFYXppphzxz"},"_chains":{"BXtfoP4SSW26cBhr9uOgE6iZ83bXsLZpeQo32BsjIBNR":{"chainKey":{"counter":0,"key":"/dJaMGUQ8IB24TaXgsgo5UW8VOqyylG+PRTfFRIE8nA="},"chainType":1,"messageKeys":{}}},"pendingPreKey":{"signedKeyId":2,"baseKey":"BWr9byEz85KKs6QGKtwZbjZ/D4g8OrPRWNGvGYDRB+pm","preKeyId":13671631}}},"version":"v1"}