{"_sessions":{"BUJ7MUPe6MEav6tged4PE11NY1/tWPx7kykCBmFAwINx":{"registrationId":754188458,"currentRatchet":{"ephemeralKeyPair":{"pubKey":"BdLxneoWh9qsdwTJ5XFPlNLmWeZEkshkE8W3vrE0i0VT","privKey":"aL2txsOdXNzNQyrSpSzXbGRujQHgGdVY1qOOIMR28nM="},"lastRemoteEphemeralKey":"BUmWnPEZ3TO0DualcD+ehbbKfG8hMJmKC2Z0d1+iDKFV","previousCounter":0,"rootKey":"K5rN45ra53KC5xzTrcSgd7uVxN9de53pSWRKvnXQftg="},"indexInfo":{"baseKey":"BUJ7MUPe6MEav6tged4PE11NY1/tWPx7kykCBmFAwINx","baseKeyType":2,"closed":-1,"used":1747657356108,"created":1747657343964,"remoteIdentityKey":"Bar1WJ/9tPt8G+D7Lhm0GF8oOty6wO3w2oUC/YS/oLJz"},"_chains":{"BciwzaW3SxL7O0ZeWzEGWVZeUGNohYsWeMcxvffiLI9S":{"chainKey":{"counter":6},"chainType":2,"messageKeys":{}},"BUmWnPEZ3TO0DualcD+ehbbKfG8hMJmKC2Z0d1+iDKFV":{"chainKey":{"counter":1,"key":"kqZYB9TdWq6IGWzD2LyVlb7e+tC16kGuzvE0AM9sE28="},"chainType":2,"messageKeys":{}},"BdLxneoWh9qsdwTJ5XFPlNLmWeZEkshkE8W3vrE0i0VT":{"chainKey":{"counter":9,"key":"jvCS/kk4Xpqwto2y1JYDtcUBGnlX/CsSzevBL1tVClc="},"chainType":1,"messageKeys":{}}}}},"version":"v1"}