{"_sessions":{"Bb+rkNLvGpMlLxcNlI3/7RKQMLeyTKlEwkxf6bVGUftX":{"registrationId":204161544,"currentRatchet":{"ephemeralKeyPair":{"pubKey":"BY/y6PtcLNaf/8BNb8ZLbmDWrmdn3/oQnkUjo0I9KN5M","privKey":"ULVJP2bsPHU3gDhosaGiH+rnt3c670a7qMaYWYXUrG8="},"lastRemoteEphemeralKey":"BeTyYwvPkIh7yyXQ+P98IC+Xyfzz4yjnaegeK+GXF98L","previousCounter":0,"rootKey":"B24KyT8OA9QTdMSyE35H1SV0EXqTEh1Vcu8DxKabBXE="},"indexInfo":{"baseKey":"Bb+rkNLvGpMlLxcNlI3/7RKQMLeyTKlEwkxf6bVGUftX","baseKeyType":2,"closed":-1,"used":1747661548682,"created":1747661548682,"remoteIdentityKey":"BTtj2xqlFb4VksRwwdAyzaJ8qoMPrqbGHd2Lb4iPcKJZ"},"_chains":{"BeTyYwvPkIh7yyXQ+P98IC+Xyfzz4yjnaegeK+GXF98L":{"chainKey":{"counter":0,"key":"v7a/ljh+9cdcGEK2gGWICXEUeSYybTrixz9D5W64gD0="},"chainType":2,"messageKeys":{}},"BY/y6PtcLNaf/8BNb8ZLbmDWrmdn3/oQnkUjo0I9KN5M":{"chainKey":{"counter":0,"key":"aNQsDaxM+D8TdcxLA1xM+ERbsPC/j4/Nu3w6dEmTCDc="},"chainType":1,"messageKeys":{}}}}},"version":"v1"}