{"_sessions":{"Ba+Mm35pAJvr2qQEFu1jZor09EnSlNaJrm6qlvsUw/0N":{"registrationId":1663086341,"currentRatchet":{"ephemeralKeyPair":{"pubKey":"BRAaL/1n1WqkjEbsvRUQ3uM3g6KJZYnrgDXbMnFZ/A1K","privKey":"QG5nCZIMiSukip7pRFXmDinZ6SLJielg5TK0Qp+6t3o="},"lastRemoteEphemeralKey":"BcIVJqkTqHX+XLY9/hrl3cXkNWCDQojWn135M3lDN7dr","previousCounter":0,"rootKey":"eOpT2Z/Wu987GQ9TziePIWOtrbQ1DBBlxlJXulgZIlw="},"indexInfo":{"baseKey":"Ba+Mm35pAJvr2qQEFu1jZor09EnSlNaJrm6qlvsUw/0N","baseKeyType":1,"closed":-1,"used":1747661645064,"created":1747661645064,"remoteIdentityKey":"BYlIjouX4YoAsX419Y6cEX0VnAk+Lilp6Tf1QQC/pZUU"},"_chains":{"BRAaL/1n1WqkjEbsvRUQ3uM3g6KJZYnrgDXbMnFZ/A1K":{"chainKey":{"counter":0,"key":"RsYcdEqHPyCNj4iFr/zxBw93/aiirzPGnYR9cO/rADo="},"chainType":1,"messageKeys":{}}},"pendingPreKey":{"signedKeyId":1,"baseKey":"Ba+Mm35pAJvr2qQEFu1jZor09EnSlNaJrm6qlvsUw/0N","preKeyId":14807931}}},"version":"v1"}