{"_sessions":{"BYRGcpKFkDilUjWoQNJfbC8xea4nlQhcsflEZIrHlMAh":{"registrationId":1181359671,"currentRatchet":{"ephemeralKeyPair":{"pubKey":"Be275vOtvE7WgCO1SoIdEwGPxrdy55Y3ezBj5ld0D9tU","privKey":"WN6prJHX8En5yOjk+q6nljSrWm6YkxKEehdec3ckEFw="},"lastRemoteEphemeralKey":"BRz6HK9D/EA3YWXpTS9PmRzXPQ4y1lC2RmA/nypfvrFt","previousCounter":0,"rootKey":"DJFcTcJ/UnDA9PvcKAke7Tl2z9I0vdCsz3rSYuzGK88="},"indexInfo":{"baseKey":"BYRGcpKFkDilUjWoQNJfbC8xea4nlQhcsflEZIrHlMAh","baseKeyType":1,"closed":-1,"used":1747661645041,"created":1747661645041,"remoteIdentityKey":"BY+XrrWz0xbOFvVPtzbzrwg/pFSHUcnv90km0/zeCuFi"},"_chains":{"Be275vOtvE7WgCO1SoIdEwGPxrdy55Y3ezBj5ld0D9tU":{"chainKey":{"counter":0,"key":"Fff3C3knfFYv1eEJAEdvvULsHAM0bNtop2j1XBHMbK0="},"chainType":1,"messageKeys":{}}},"pendingPreKey":{"signedKeyId":8,"baseKey":"BYRGcpKFkDilUjWoQNJfbC8xea4nlQhcsflEZIrHlMAh"}}},"version":"v1"}