{"_sessions":{"BXwfXlW8Oh4bukzCG8hrvlDq38XFCQvKTv/DBcDzueoB":{"registrationId":721,"currentRatchet":{"ephemeralKeyPair":{"pubKey":"BXylL+w/o3aKJtK2ocnEkxNe7aLfma8L4exUkptwDxFv","privKey":"KBC8x3I/O8FwE+wdyCSR842sG6Q68DYzjbL+7Ux1Gmk="},"lastRemoteEphemeralKey":"BXtIZeAT/k9HnZP2HTBDy9Z2nmYu2B7T9R/H+s+GZl0v","previousCounter":0,"rootKey":"FloG03NDausHR7mw8oTZDwoVPSbTWdbKVGyybDGEe/8="},"indexInfo":{"baseKey":"BXwfXlW8Oh4bukzCG8hrvlDq38XFCQvKTv/DBcDzueoB","baseKeyType":1,"closed":-1,"used":1747661645037,"created":1747661645037,"remoteIdentityKey":"BVgg595mwfvKHj+nzZdosCoJUScOsJ2/xClIGOEnrhct"},"_chains":{"BXylL+w/o3aKJtK2ocnEkxNe7aLfma8L4exUkptwDxFv":{"chainKey":{"counter":0,"key":"s+wFRCrDpKOKlcz3jbqwHrJl2aaXvZ09QrANxMeOUaA="},"chainType":1,"messageKeys":{}}},"pendingPreKey":{"signedKeyId":1,"baseKey":"BXwfXlW8Oh4bukzCG8hrvlDq38XFCQvKTv/DBcDzueoB"}}},"version":"v1"}