{"_sessions":{"Bb3UX6Z/nMJBWxEmzcFyn3ucnnThDde+4QoCf8iMIUVl":{"registrationId":1126872373,"currentRatchet":{"ephemeralKeyPair":{"pubKey":"BamhaUlz5iLXOV+mmItvizGMaItYzy2fO7tMqTIDJyZJ","privKey":"GGSkmhGU1aQicFeuzwCbkRJmfSmdift8x+OZVWicN1I="},"lastRemoteEphemeralKey":"BTH9zNzkgral21KII/HAiXPChUoWmT+bLzINhgcGKIMm","previousCounter":0,"rootKey":"3OEVepS1aoagjmBRcfRwYbEqZ+IDbYdnGUieHFujDV4="},"indexInfo":{"baseKey":"Bb3UX6Z/nMJBWxEmzcFyn3ucnnThDde+4QoCf8iMIUVl","baseKeyType":1,"closed":-1,"used":1747661645051,"created":1747661645051,"remoteIdentityKey":"BZxbbhq1UeVy6B3F7GAy4IFkPnJgeGSiROdxjhloBpl4"},"_chains":{"BamhaUlz5iLXOV+mmItvizGMaItYzy2fO7tMqTIDJyZJ":{"chainKey":{"counter":0,"key":"jMbJK++ZfaN641gTVvKLPN0QJn22jejXNXDNWsh+7As="},"chainType":1,"messageKeys":{}}},"pendingPreKey":{"signedKeyId":10,"baseKey":"Bb3UX6Z/nMJBWxEmzcFyn3ucnnThDde+4QoCf8iMIUVl","preKeyId":3928850}}},"version":"v1"}