{"_sessions":{"BVRibRwS+y6bDmZ1icJ0tfvAJDgaFbrNh53+J8U4ng0c":{"registrationId":140051256,"currentRatchet":{"ephemeralKeyPair":{"pubKey":"BZMVH1YqewYXN3pc/3GN26Py6sTDHn/PDCGHirFhuq5S","privKey":"IG0hFW1a0mn6jo37RK6KFNHYp3FAssTJ0pco42YYyWY="},"lastRemoteEphemeralKey":"BelbG/woHY88LqE/5s5oLgwDtJodK/6uvCSPxxvYZNhP","previousCounter":0,"rootKey":"YTRZsquSClEH981g2cu4s4xlF781utZOqyYWJO0+ZkU="},"indexInfo":{"baseKey":"BVRibRwS+y6bDmZ1icJ0tfvAJDgaFbrNh53+J8U4ng0c","baseKeyType":1,"closed":-1,"used":1747661645070,"created":1747661645070,"remoteIdentityKey":"BWrDeeikUIqD42rIjeB5vV7jy/ueWd1Xq22c9dwhPE0p"},"_chains":{"BZMVH1YqewYXN3pc/3GN26Py6sTDHn/PDCGHirFhuq5S":{"chainKey":{"counter":0,"key":"X/slB4RRsQNvR/wPFzsQ7hhyij/R6mSSx2XicFeRtiQ="},"chainType":1,"messageKeys":{}}},"pendingPreKey":{"signedKeyId":5,"baseKey":"BVRibRwS+y6bDmZ1icJ0tfvAJDgaFbrNh53+J8U4ng0c","preKeyId":10488341}}},"version":"v1"}