{"_sessions":{"BfgkK5/mQzHJfMo/KlHau6fcR/OEWvqe+2CCLlBRYtAz":{"registrationId":1186231832,"currentRatchet":{"ephemeralKeyPair":{"pubKey":"BQX12NxmBMM9TwY0x+CJUajXL0E6MnyWyl4V/hpx8GsD","privKey":"SAKbj3JjExPNRkYd12sWJcJSeiVnIlTbMY+GYrqInnY="},"lastRemoteEphemeralKey":"BbfnCQG+8CPq4skGAh49knlNQgIQK0liMd1IqgGHLGcH","previousCounter":0,"rootKey":"KU0JFi+b5fgdnC6wjDfXZgeXD6KwRxxDalNHXW+JhB0="},"indexInfo":{"baseKey":"BfgkK5/mQzHJfMo/KlHau6fcR/OEWvqe+2CCLlBRYtAz","baseKeyType":2,"closed":-1,"used":1747661548578,"created":1747661548578,"remoteIdentityKey":"BcyMjizJF+OZxp5RT3stE3wzDgXjX9yv9S0gWziaXb9s"},"_chains":{"BbfnCQG+8CPq4skGAh49knlNQgIQK0liMd1IqgGHLGcH":{"chainKey":{"counter":0,"key":"/hPsLR4RQCNt1jome6sj4N5FRhOjTNfZS7PAqOvJ+3s="},"chainType":2,"messageKeys":{}},"BQX12NxmBMM9TwY0x+CJUajXL0E6MnyWyl4V/hpx8GsD":{"chainKey":{"counter":0,"key":"OAyX2ScO1ECF88g8i1tgaJTCTWuk0PQMIvgLDmX33UU="},"chainType":1,"messageKeys":{}}}}},"version":"v1"}