{"_sessions":{"BfcfOnEbTfP08whODlnel3YX+X7qeAGaXWR6etj0eok+":{"registrationId":345685239,"currentRatchet":{"ephemeralKeyPair":{"pubKey":"BdMXeXvjhvd+99aW0bQISXuZERxprfSMQLwixRbLumpD","privKey":"AJq3WOTqW+3bMFq7SQpdI75bpW7ENlBlMzUs07REkUA="},"lastRemoteEphemeralKey":"BRwWMyfyWJwTwd/YeGH3DdkMnuLdxWyeHEhJVvco0mlD","previousCounter":0,"rootKey":"DJQy7b3+FOwML9qO3td63ALVmEp/H4mL8eS/PftSF1A="},"indexInfo":{"baseKey":"BfcfOnEbTfP08whODlnel3YX+X7qeAGaXWR6etj0eok+","baseKeyType":1,"closed":-1,"used":1747661645073,"created":1747661645073,"remoteIdentityKey":"BQavGeNrp11sn2BjcHFUIIzBtonWNoR/tugnHMJyhqdS"},"_chains":{"BdMXeXvjhvd+99aW0bQISXuZERxprfSMQLwixRbLumpD":{"chainKey":{"counter":0,"key":"PCfsclMrnYAL4gChbgQ/VKNac8RV+0VekizbxEXaU+k="},"chainType":1,"messageKeys":{}}},"pendingPreKey":{"signedKeyId":3,"baseKey":"BfcfOnEbTfP08whODlnel3YX+X7qeAGaXWR6etj0eok+"}}},"version":"v1"}