{"_sessions":{"BYcxc3XdKQySRPGQt0V0JvFtqhi2voiZneGpswjl1usu":{"registrationId":53775484,"currentRatchet":{"ephemeralKeyPair":{"pubKey":"Ba11rE8t94Ha4JVl3Ek3NUIuvWaXcZYZGaYJBtDpKzVk","privKey":"sF5Nw0cy3xFjJ5CilmvqVok/uXghK4BeS9OmRJSEnlE="},"lastRemoteEphemeralKey":"BdkFYVU60zGTjxoHJ4Lti+Auze5Tlo7eFX5IqomwU7Y7","previousCounter":0,"rootKey":"5j5q8bDX12lV5xs3GPFbSde1HVLT1FsHoe9/R07vw44="},"indexInfo":{"baseKey":"BYcxc3XdKQySRPGQt0V0JvFtqhi2voiZneGpswjl1usu","baseKeyType":1,"closed":-1,"used":1747661645056,"created":1747661645056,"remoteIdentityKey":"BZRHe+bC8t0c70A169P2YeRkpkpbVBnEg2EH3Qm8qrRb"},"_chains":{"Ba11rE8t94Ha4JVl3Ek3NUIuvWaXcZYZGaYJBtDpKzVk":{"chainKey":{"counter":0,"key":"eZSk72IDOoVsrCiDs9SaFQUwpKHx1io/o9YTn3FeNa8="},"chainType":1,"messageKeys":{}}},"pendingPreKey":{"signedKeyId":4,"baseKey":"BYcxc3XdKQySRPGQt0V0JvFtqhi2voiZneGpswjl1usu"}}},"version":"v1"}