{"_sessions":{"BQx53xzM4AB/PxoqZeWfapQTfkWDUtCvfr26l4HNrtM/":{"registrationId":80407113,"currentRatchet":{"ephemeralKeyPair":{"pubKey":"BXIE78RLUaxcplhl41VquQZuXawP9IUy0F+nwREdZg5G","privKey":"aNNDMvV7ofwFJRy03Z/+WCY/9Z4GDEbDSslnRIsbM2M="},"lastRemoteEphemeralKey":"BQGxkKKmaH1vjQBzRBHO5/GFFb+BHfkbl70+QfGxdBFF","previousCounter":0,"rootKey":"WZTRYYIrOAIIqNIPTeF90ZQX4FKCOuzSgAFwyBwmGDg="},"indexInfo":{"baseKey":"BQx53xzM4AB/PxoqZeWfapQTfkWDUtCvfr26l4HNrtM/","baseKeyType":1,"closed":-1,"used":1747661645069,"created":1747661645069,"remoteIdentityKey":"BX5askFv4I/2s4bSm5eaQuL9/rWY8mjUaIzCUrISvZtA"},"_chains":{"BXIE78RLUaxcplhl41VquQZuXawP9IUy0F+nwREdZg5G":{"chainKey":{"counter":0,"key":"drcqLx74C4PplnN5dGl51hI+o0I5mkH/hjMX22zRMPc="},"chainType":1,"messageKeys":{}}},"pendingPreKey":{"signedKeyId":14,"baseKey":"BQx53xzM4AB/PxoqZeWfapQTfkWDUtCvfr26l4HNrtM/","preKeyId":16411424}}},"version":"v1"}