{"_sessions":{"BUGQUgYjYp8Pv4wJ6bV79o+0A4OwlBjTgmwZIVMQ8M1D":{"registrationId":1641543263,"currentRatchet":{"ephemeralKeyPair":{"pubKey":"BSjjmMM3MTPCpCsdl7HfOqAvhMq2fFIaElHRE+VYPcZH","privKey":"kJfXglSsTSfCJrcy352fT0nG5c2THPO8lAGzHNJI40I="},"lastRemoteEphemeralKey":"BY2jSoLFdvX9M2wDTG5NL8B534fYX0BiGv5313lpj/d+","previousCounter":0,"rootKey":"CoYvkiYgO24wjTDN9zOGvl+8ZX5Gd3/LVZuk7EGOLq4="},"indexInfo":{"baseKey":"BUGQUgYjYp8Pv4wJ6bV79o+0A4OwlBjTgmwZIVMQ8M1D","baseKeyType":1,"closed":-1,"used":1747661645061,"created":1747661645061,"remoteIdentityKey":"BdxhdB4YWFjQUnzaTrE4R8TxVyfiSrkQ9INCfEGYD451"},"_chains":{"BSjjmMM3MTPCpCsdl7HfOqAvhMq2fFIaElHRE+VYPcZH":{"chainKey":{"counter":0,"key":"BeAIcKjWcg+sLRockWPLi3DegSFT1BpAyR7idBnx6Hk="},"chainType":1,"messageKeys":{}}},"pendingPreKey":{"signedKeyId":2,"baseKey":"BUGQUgYjYp8Pv4wJ6bV79o+0A4OwlBjTgmwZIVMQ8M1D","preKeyId":4834528}}},"version":"v1"}