{"_sessions":{"BbVTKpnLP0t/CD1EA+ipDi5O4j5OB9UshNWkpG15wMwQ":{"registrationId":706107813,"currentRatchet":{"ephemeralKeyPair":{"pubKey":"BUBVBQtsAGRKDoMCQFgUX3LqnrnCD9//F9BwHTH0dIQa","privKey":"eLtuyfwktYjSHc1LDaXro9rnrfLG5tD9anoZkIul2WA="},"lastRemoteEphemeralKey":"BawkB7za8fgiZG+e8ssM2Yy7DfZenNEcg5mV9DnWi2op","previousCounter":0,"rootKey":"+UcypO52YLkCpRjGy4JQuNdNXeva7JaA2mrWgpoVplQ="},"indexInfo":{"baseKey":"BbVTKpnLP0t/CD1EA+ipDi5O4j5OB9UshNWkpG15wMwQ","baseKeyType":1,"closed":-1,"used":1747661645052,"created":1747661645052,"remoteIdentityKey":"BScTxKpdTqnwv9b2Ez1xmL4LapuuSnjLBFcEA/HZs7d2"},"_chains":{"BUBVBQtsAGRKDoMCQFgUX3LqnrnCD9//F9BwHTH0dIQa":{"chainKey":{"counter":0,"key":"bK3F4OliFdsHINLcdHcxae0arR2RTrNlx6EkdohmxoI="},"chainType":1,"messageKeys":{}}},"pendingPreKey":{"signedKeyId":12,"baseKey":"BbVTKpnLP0t/CD1EA+ipDi5O4j5OB9UshNWkpG15wMwQ","preKeyId":8948806}}},"version":"v1"}