{"_sessions":{"BZGgDlOhIr+/GhXq0UrbLYBuf7AVdvi9CogLiPz1G15E":{"registrationId":1857411147,"currentRatchet":{"ephemeralKeyPair":{"pubKey":"BVQ0r2vNuOckCKcV+BIa4fav1mPr33QQr4Gufr8REcJs","privKey":"yCH413Kw77RJjI3jv00H/sfd6mQzpFVzWuFpp29DXUc="},"lastRemoteEphemeralKey":"BYPasm3LLahN9Sl/ImJQBgzRcq4vbFHpzkaMRCMPtkw7","previousCounter":0,"rootKey":"uMZNcESt1eAS7RpHGkrCwkPaiqLTl+5/SdW3e35+AP8="},"indexInfo":{"baseKey":"BZGgDlOhIr+/GhXq0UrbLYBuf7AVdvi9CogLiPz1G15E","baseKeyType":1,"closed":-1,"used":1747661645060,"created":1747661645060,"remoteIdentityKey":"BY3swXreKaQYP8nzYOS8WuXt5VWkQkGss5UKsKsFUm1T"},"_chains":{"BVQ0r2vNuOckCKcV+BIa4fav1mPr33QQr4Gufr8REcJs":{"chainKey":{"counter":0,"key":"SL/0tMxzHL2YwRUwyvY8dZM831SSjVMjGQusOL07bDU="},"chainType":1,"messageKeys":{}}},"pendingPreKey":{"signedKeyId":1,"baseKey":"BZGgDlOhIr+/GhXq0UrbLYBuf7AVdvi9CogLiPz1G15E","preKeyId":20363}}},"version":"v1"}