{"_sessions":{"BYJUic0aQxLUx5sCFv2rJqQ7YDUG7WvfM41FM8HnYS0b":{"registrationId":135126666,"currentRatchet":{"ephemeralKeyPair":{"pubKey":"BWY1RhvC6rrJNclLeQs5DQ4AxJ+viPsfNHq6++MMHolU","privKey":"0IuyHZyL2cCtOF8g1/7FAbFiDzpDLWm4kmsDV6CUBUc="},"lastRemoteEphemeralKey":"BaPkTu49aPE2kG6+0bTif+ZG4zLKjCHARq4x5EaMoN51","previousCounter":0,"rootKey":"nZlPnHEpeJ2LLf1bjJp/fMljJzOnIu8lQkXuWdll09c="},"indexInfo":{"baseKey":"BYJUic0aQxLUx5sCFv2rJqQ7YDUG7WvfM41FM8HnYS0b","baseKeyType":1,"closed":-1,"used":1747661645066,"created":1747661645066,"remoteIdentityKey":"BVOrWPc+SdiDm+Nx45gUEoN+W2MWEsMlTXEekULVpfUW"},"_chains":{"BWY1RhvC6rrJNclLeQs5DQ4AxJ+viPsfNHq6++MMHolU":{"chainKey":{"counter":0,"key":"l+2EHBY+VUy8jyL/+yx5GSzvM77qWj5Fhj6RmIBAqK0="},"chainType":1,"messageKeys":{}}},"pendingPreKey":{"signedKeyId":2,"baseKey":"BYJUic0aQxLUx5sCFv2rJqQ7YDUG7WvfM41FM8HnYS0b","preKeyId":9936328}}},"version":"v1"}