{"_sessions":{"Bc+F9eppKQOUe5jCT2EqoxCOTVU4Z1xwIiI5K8sXR79q":{"registrationId":1881706213,"currentRatchet":{"ephemeralKeyPair":{"pubKey":"BdxjrqJmzHLxit9avS3bebb6vSvphl9kZFNgWv6DBBlq","privKey":"CMe4ZZ5SeP5DzVgHPinPeAoVZN1JddsQSspwMrG/TEI="},"lastRemoteEphemeralKey":"BYAaYw2soN79RQaQozEXR2gDx1I+Z59JLq7kfRWk5NNq","previousCounter":0,"rootKey":"bPZpwBZwYD3Z1qJ+iIl5/Ta8vFAiAkvY1IZqzo4VP7c="},"indexInfo":{"baseKey":"Bc+F9eppKQOUe5jCT2EqoxCOTVU4Z1xwIiI5K8sXR79q","baseKeyType":1,"closed":-1,"used":1747661645077,"created":1747661645077,"remoteIdentityKey":"BRIWLo9loBDaHNBXQaV3GSOaX6Sjqw89Xu0AOr4hT9oD"},"_chains":{"BdxjrqJmzHLxit9avS3bebb6vSvphl9kZFNgWv6DBBlq":{"chainKey":{"counter":0,"key":"hmd5r/POSsvsX7IKaLiQ9h/ZwG5hDocc/3QGPPJRuwg="},"chainType":1,"messageKeys":{}}},"pendingPreKey":{"signedKeyId":0,"baseKey":"Bc+F9eppKQOUe5jCT2EqoxCOTVU4Z1xwIiI5K8sXR79q","preKeyId":3269303}}},"version":"v1"}