{"_sessions":{"BeYVYypCK2IrD2NPzkXKS+dj+q/RK1iDID2l5MAmrec4":{"registrationId":1711002582,"currentRatchet":{"ephemeralKeyPair":{"pubKey":"Bfql5A7F5r1tZglALFWcoQ1WZvE7HoGMenGYu+yJW1Fn","privKey":"QPAF3VyXfY1TJbidI1Csq8PfMVdtno3S6+rQr9Up8l4="},"lastRemoteEphemeralKey":"BQQ+XYdnWn9e4jLYYLYqjntZrWNkGj72/WTBkekcLXIq","previousCounter":0,"rootKey":"9NDvnoyBYLvMQTRcD6Excsfaylyl+pcyVJ+hjYp9Zis="},"indexInfo":{"baseKey":"BeYVYypCK2IrD2NPzkXKS+dj+q/RK1iDID2l5MAmrec4","baseKeyType":1,"closed":-1,"used":1747661645036,"created":1747661645036,"remoteIdentityKey":"BSFZ3umeroh5AQ2QmOj0nADiLQZxLUbsjOTpFX+EollO"},"_chains":{"Bfql5A7F5r1tZglALFWcoQ1WZvE7HoGMenGYu+yJW1Fn":{"chainKey":{"counter":0,"key":"wbVMAdPCeRMsynik8efXIk0gv7Qxvm3FX8duf98lx9U="},"chainType":1,"messageKeys":{}}},"pendingPreKey":{"signedKeyId":1,"baseKey":"BeYVYypCK2IrD2NPzkXKS+dj+q/RK1iDID2l5MAmrec4"}}},"version":"v1"}