{"_sessions":{"BUIehArK0ZdMpvt+Nxwq+zIa9Vbd4+mz2+8iX38FADgy":{"registrationId":858076405,"currentRatchet":{"ephemeralKeyPair":{"pubKey":"BRFq9AAmzEqNjDLVUQpwerImROKAaa7gFjvgOkCwgP81","privKey":"qD6aTNetZUzVCqf0J9IJyP9cYh+glXvOxvU+/g5PJ0U="},"lastRemoteEphemeralKey":"BQZSKr97aDJz62QMjtX4I33XgXo921/Pk+UG8udoKBM5","previousCounter":0,"rootKey":"7IuYOQ9WhzfOujwWtU6ghErAg0Q4Gn4ozDITxvK2E1g="},"indexInfo":{"baseKey":"BUIehArK0ZdMpvt+Nxwq+zIa9Vbd4+mz2+8iX38FADgy","baseKeyType":1,"closed":-1,"used":1747661645049,"created":1747661645049,"remoteIdentityKey":"BfBGwefxlmJSzqB63I+s+NRS7WDpZ0rY7FOG3OBxLeId"},"_chains":{"BRFq9AAmzEqNjDLVUQpwerImROKAaa7gFjvgOkCwgP81":{"chainKey":{"counter":0,"key":"/kqBckqXoZiozffE45JON96hxbnpOWBPovFUpB4GoKg="},"chainType":1,"messageKeys":{}}},"pendingPreKey":{"signedKeyId":3,"baseKey":"BUIehArK0ZdMpvt+Nxwq+zIa9Vbd4+mz2+8iX38FADgy","preKeyId":13169828}}},"version":"v1"}