{"_sessions":{"BewiUD2fhDPh7QXN+XKVGKU1CDoM7q4hQ4uUToaXHNEY":{"registrationId":597514792,"currentRatchet":{"ephemeralKeyPair":{"pubKey":"Be+85Ssgu5l/8sbesqRASHKmapY2lDCI2IiDrmGidfgW","privKey":"sEY9Ek97zoIO4hXFLbAkRe1vz9PfXtQXI7LsK1SKa38="},"lastRemoteEphemeralKey":"BSsa6bLzTfPnL4Qptm+bk2drEPlrBzKAZhtGchgfyGRl","previousCounter":0,"rootKey":"Q3Dl/DgmSIB3xLyCtDRCiR8kQXnNA+6bWvuv6ccF/z0="},"indexInfo":{"baseKey":"BewiUD2fhDPh7QXN+XKVGKU1CDoM7q4hQ4uUToaXHNEY","baseKeyType":1,"closed":-1,"used":1747661645054,"created":1747661645054,"remoteIdentityKey":"BamUurAhrrt2kZmdBVccAteALlSrE7PWVaoRHQh3BnxL"},"_chains":{"Be+85Ssgu5l/8sbesqRASHKmapY2lDCI2IiDrmGidfgW":{"chainKey":{"counter":0,"key":"/RAHXn+3tvpanpRgrVQb/3DH8h2fdrpx9ibkVIOl23s="},"chainType":1,"messageKeys":{}}},"pendingPreKey":{"signedKeyId":4,"baseKey":"BewiUD2fhDPh7QXN+XKVGKU1CDoM7q4hQ4uUToaXHNEY","preKeyId":4183703}}},"version":"v1"}