{"_sessions":{"BVlv/AFzaXGryOZLEG64uCIWqsPeYyD9NCWy90IRAqhs":{"registrationId":1694156686,"currentRatchet":{"ephemeralKeyPair":{"pubKey":"Be1uMFiQVTpe9BkxDMkXzL0CN/0L0/FtlHGHxm+PVHFE","privKey":"OF33sIJHsQhxuxbuC6SnOgLHpqFW6hvbLDDoRrGceUA="},"lastRemoteEphemeralKey":"BdtLmazF/s0qzwB90ureaT225gNOkvyM0yWXKiUMRotJ","previousCounter":0,"rootKey":"ehUbtFcFNRsLXVZU6skGau8Yz+0Us87IVDblWtxWJUc="},"indexInfo":{"baseKey":"BVlv/AFzaXGryOZLEG64uCIWqsPeYyD9NCWy90IRAqhs","baseKeyType":2,"closed":-1,"used":1747661548513,"created":1747661548513,"remoteIdentityKey":"BQhWgyCFmRsX5Muw8V2vHfFFprA+S7tQ299x8TUnrhlu"},"_chains":{"BdtLmazF/s0qzwB90ureaT225gNOkvyM0yWXKiUMRotJ":{"chainKey":{"counter":0,"key":"0yotk2zzeOIt4n7ALxnH1fMO0D7prGdBJw58Javwqfw="},"chainType":2,"messageKeys":{}},"Be1uMFiQVTpe9BkxDMkXzL0CN/0L0/FtlHGHxm+PVHFE":{"chainKey":{"counter":0,"key":"QCxKfKXeiWRXdqSmy1P4aGMHaONw4NdqnAzek9CU8i0="},"chainType":1,"messageKeys":{}}}}},"version":"v1"}