{"_sessions":{"BVg25Yovu4mkudM7RAsorfnCuvdhI+k10MnycNLasrli":{"registrationId":283391951,"currentRatchet":{"ephemeralKeyPair":{"pubKey":"BRQHCQ2KlCJdA3NrbvXL2gcjdGmuje7Pvm3KavT1H8NC","privKey":"iIKQZ3O/6yYpAm8kyyxYwvoEijCaRHdkWhExTazEfWg="},"lastRemoteEphemeralKey":"BS58gqa3jbYT07o9LgNb4ZlwwqiB2b1L88P+LaHFZDY9","previousCounter":0,"rootKey":"Ldd6JL+RMWNgqqglJ6sBI08WX7HoWUF5CGuzD/mmILA="},"indexInfo":{"baseKey":"BVg25Yovu4mkudM7RAsorfnCuvdhI+k10MnycNLasrli","baseKeyType":1,"closed":-1,"used":1747661645075,"created":1747661645075,"remoteIdentityKey":"Ba4IzKsGHhSXOED9iJy22Z8S8NB8QZ2tvcAZZ/CBoPAW"},"_chains":{"BRQHCQ2KlCJdA3NrbvXL2gcjdGmuje7Pvm3KavT1H8NC":{"chainKey":{"counter":0,"key":"G01rWp3KVmQNPPRgY0lhQXIJn92+R+mC7b+68mcUdCg="},"chainType":1,"messageKeys":{}}},"pendingPreKey":{"signedKeyId":5,"baseKey":"BVg25Yovu4mkudM7RAsorfnCuvdhI+k10MnycNLasrli","preKeyId":14645213}}},"version":"v1"}