{"_sessions":{"BdOwFUj8acTAP63YiHc2IrNl93rStDTvOf6MVNQLKsF7":{"registrationId":1389450709,"currentRatchet":{"ephemeralKeyPair":{"pubKey":"Beoy/Yjr/dwTuge3lpCwi9SO9p1j5tr3VDX1Nc8JjGhL","privKey":"EFPV30sz0qfrd9hDG+Z0lzZiu3r6Zy7j7rZgsbMlTWw="},"lastRemoteEphemeralKey":"BfRK4SSBRzYqmxXXIf2gqguh7cLJYwbJ7dE81vLl2vE8","previousCounter":0,"rootKey":"T3HSSBtgcXrKZ70AeINKEFFtaHWJh6S7+Y+SADw8QBU="},"indexInfo":{"baseKey":"BdOwFUj8acTAP63YiHc2IrNl93rStDTvOf6MVNQLKsF7","baseKeyType":1,"closed":-1,"used":1747661645047,"created":1747661645047,"remoteIdentityKey":"BYFGx8pvdxHkzjK1x/ULvWn8UYWJPTQNe76Dxew/wFdS"},"_chains":{"Beoy/Yjr/dwTuge3lpCwi9SO9p1j5tr3VDX1Nc8JjGhL":{"chainKey":{"counter":0,"key":"ssbQugx4TJhlj5760ja7ireqxXU/5LKAuYq0j29qgmI="},"chainType":1,"messageKeys":{}}},"pendingPreKey":{"signedKeyId":5,"baseKey":"BdOwFUj8acTAP63YiHc2IrNl93rStDTvOf6MVNQLKsF7","preKeyId":5276202}}},"version":"v1"}